id,first_name,last_name,password,mail
1,Wynn,Curless,9iAqa6,wcurless0@nhs.uk
2,Dorthea,Sigart,JfDa6XwmFtBj,dsigart1@scientificamerican.com
3,Britt,Wellstood,OFjNpTLE5,bwellstood2@bizjournals.com
4,Barret,Twaite,nB1hiMgfVxD,btwaite3@mapquest.com
5,Shanon,Franses,qNuHUn8A9rE3,sfranses4@ifeng.com
6,Sanford,McGuckin,qVB8mv5wuEE,smcguckin5@uol.com.br
7,Dorian,Costi,VnKZ1Fsa5Z,dcosti6@furl.net
8,Justine,MacChaell,wgVPbEPBA,jmacchaell7@scientificamerican.com
9,Helena,Rizon,1kI6MM,hrizon8@berkeley.edu
10,Dulsea,Blackford,q2UOdX8,dblackford9@so-net.ne.jp
11,Pancho,Roofe,QE4bsji,proofea@unblog.fr
12,Mehetabel,Loveredge,zyVrlM,mloveredgeb@mail.ru
13,Irena,Boulder,V7cQOxKpEK,iboulderc@flickr.com
14,Guss,Androsik,HCSmJ3,gandrosikd@cbsnews.com
15,Peyton,Rocca,GNS2YlIwreJ,proccae@quantcast.com
16,Florence,Lipgens,Ico7mvi,flipgensf@telegraph.co.uk
17,Tan,Brims,xZUDfREe,tbrimsg@sun.com
18,Egan,Santostefano.,Khl63GTwzl5,esantostefanoh@vk.com
19,Redford,Holgan,uUq8DQd5pRPI,rholgani@indiatimes.com
20,Hertha,Chivers,uFZQvqhzdjJ,hchiversj@addtoany.com
21,Emmit,Zorzenoni,TdOcjcW4869,ezorzenonik@wiley.com
22,Naomi,Riccardi,k65KxE,nriccardil@umn.edu
23,Dallas,Hain,M94QflensS8J,dhainm@oracle.com
24,Andromache,Ramelet,6HfzbV3,arameletn@t-online.de
25,Milo,Jiricka,iZH9nE2U,mjirickao@lulu.com
26,Ilise,Edbrooke,bJfn9Tbl5Grz,iedbrookep@taobao.com
27,Huey,Doerling,0pf3CEU,hdoerlingq@wordpress.com
28,Tracy,Lappine,F7E0op1X,tlappiner@ocn.ne.jp
29,Kristofer,Forber,FHFl39aei,kforbers@xrea.com
30,Ardene,Massingberd,8flHnxvFX,amassingberdt@privacy.gov.au
31,Rick,Canelas,LJ7o68Dv,rcanelasu@bbc.co.uk
32,Jerrilee,Skeats,LAhlas,jskeatsv@vistaprint.com
33,Harlie,Ambrozewicz,XHYxKMN,hambrozewiczw@cloudflare.com
34,Wenda,Bergin,HUpNmvhm,wberginx@about.com
35,Leonid,Skillitt,pgWrqbm,lskillitty@qq.com
36,Thatcher,Rosas,VGW2InNjQHd0,trosasz@discuz.net
37,Rance,Hairsnape,NfQFFsrEfGD,rhairsnape10@gizmodo.com
38,Bradford,Trail,4NRcLoXPc0z,btrail11@parallels.com
39,Portie,Ericsson,4HnMvJS,pericsson12@simplemachines.org
40,Drona,Theurer,JO7EakXKGpf,dtheurer13@tumblr.com
41,Wilmette,Lugden,8L6Iro,wlugden14@eventbrite.com
42,Symon,Theuff,nbJCRqB6,stheuff15@noaa.gov
43,Hewitt,Teligin,oC6zy5,hteligin16@tuttocitta.it
44,Iorgo,Rosencrantz,tMFzRJwO,irosencrantz17@comsenz.com
45,Stephan,Christiensen,UuSN5u,schristiensen18@cargocollective.com
46,Cesar,Murrigans,J7gJOsufna,cmurrigans19@fema.gov
47,Shauna,Juleff,YcQlPUXSrlNm,sjuleff1a@mapy.cz
48,Leora,Bazley,UPfJUyrHbv,lbazley1b@cdbaby.com
49,Esther,Yeandel,ESgWPRXt,eyeandel1c@so-net.ne.jp
50,Berget,Rabjohn,4hwoLJbub,brabjohn1d@intel.com
